Feature,Mean_RMSE,Mean_MAE,Median_RMSE,Median_MAE,KNN_RMSE,KNN_MAE
bedrooms,0.883,0.72,0.952,0.649,0.937,0.683
bathrooms,0.743,0.599,0.753,0.592,0.652,0.483
sqft_living,882.496,687.636,897.413,676.405,824.623,599.674
sqft_lot,40454.205,13714.426,41115.384,10026.905,42329.593,11654.881
floors,0.532,0.485,0.532,0.485,0.461,0.331
waterfront,0.07,0.013,0.07,0.005,0.07,0.005
view,0.756,0.417,0.789,0.226,0.945,0.638
condition,0.651,0.561,0.771,0.433,0.697,0.523
grade,1.192,0.943,1.37,0.906,1.084,0.768
sqft_above,851.378,650.211,890.265,630.532,865.461,588.356
sqft_basement,434.37,359.944,515.527,278.1,441.43,279.372
yr_built,29.476,24.667,29.67,24.48,26.486,20.606
yr_renovated,408.402,163.937,417.637,87.416,419.667,107.193
lat,0.141,0.117,0.142,0.117,0.168,0.135
long,0.14,0.115,0.141,0.114,0.138,0.104
sqft_living15,676.333,535.744,690.128,523.473,626.232,469.761
sqft_lot15,26305.837,10090.37,26809.897,7806.375,32726.497,14617.768
