row_id,missing_attribute,actual_value,actual_price,mean_raw_value,mean_raw_value_delta,mean_raw_value_err,mean_raw_price,mean_raw_price_delta,mean_raw_price_err,median_raw_value,median_raw_value_delta,median_raw_value_err,median_raw_price,median_raw_price_delta,median_raw_price_err,knn_raw_value,knn_raw_value_delta,knn_raw_value_err,knn_raw_price,knn_raw_price_delta,knn_raw_price_err,mean_scaled_value,mean_scaled_value_delta,mean_scaled_value_err,mean_scaled_price,mean_scaled_price_delta,mean_scaled_price_err,median_scaled_value,median_scaled_value_delta,median_scaled_value_err,median_scaled_price,median_scaled_price_delta,median_scaled_price_err,knn_scaled_value,knn_scaled_value_delta,knn_scaled_value_err,knn_scaled_price,knn_scaled_price_delta,knn_scaled_price_err
5,bathrooms,2.75,619990.0,2.115,0.635,0.635,544400.0,75590.0,75590.0,2.25,0.5,0.5,544400.0,75590.0,75590.0,2.75,0.0,0.0,553798.0,66192.0,66192.0,2.115,0.635,0.635,544400.0,75590.0,75590.0,2.25,0.5,0.5,544400.0,75590.0,75590.0,2.75,0.0,0.0,553798.0,66192.0,66192.0
8,bathrooms,1.75,1565000.0,2.115,-0.365,0.365,950500.0,614500.0,614500.0,2.25,-0.5,0.5,1106980.0,458020.0,458020.0,1.75,0.0,0.0,990500.0,574500.0,574500.0,2.115,-0.365,0.365,950500.0,614500.0,614500.0,2.25,-0.5,0.5,1106980.0,458020.0,458020.0,1.75,0.0,0.0,990500.0,574500.0,574500.0
16,bathrooms,2.5,442250.0,2.115,0.385,0.385,426950.0,15300.0,15300.0,2.25,0.25,0.25,426950.0,15300.0,15300.0,2.5,0.0,0.0,426950.0,15300.0,15300.0,2.115,0.385,0.385,426950.0,15300.0,15300.0,2.25,0.25,0.25,426950.0,15300.0,15300.0,2.5,-0.0,0.0,426950.0,15300.0,15300.0
19,bathrooms,1.0,255000.0,2.115,-1.115,1.115,438000.0,-183000.0,183000.0,2.25,-1.25,1.25,449200.0,-194200.0,194200.0,1.0,0.0,0.0,438000.0,-183000.0,183000.0,2.115,-1.115,1.115,438000.0,-183000.0,183000.0,2.25,-1.25,1.25,449200.0,-194200.0,194200.0,1.0,0.0,0.0,438000.0,-183000.0,183000.0
26,bathrooms,2.5,700000.0,2.115,0.385,0.385,647900.0,52100.0,52100.0,2.25,0.25,0.25,718200.0,-18200.0,18200.0,2.7,-0.2,0.2,730800.0,-30800.0,30800.0,2.115,0.385,0.385,647900.0,52100.0,52100.0,2.25,0.25,0.25,718200.0,-18200.0,18200.0,2.5,0.0,0.0,730800.0,-30800.0,30800.0
35,bathrooms,2.5,324950.0,2.115,0.385,0.385,297900.0,27050.0,27050.0,2.25,0.25,0.25,297900.0,27050.0,27050.0,2.6,-0.1,0.1,297900.0,27050.0,27050.0,2.115,0.385,0.385,297900.0,27050.0,27050.0,2.25,0.25,0.25,297900.0,27050.0,27050.0,2.5,0.0,0.0,297900.0,27050.0,27050.0
38,bathrooms,1.0,105000.0,2.115,-1.115,1.115,225190.0,-120190.0,120190.0,2.25,-1.25,1.25,256990.0,-151990.0,151990.0,1.0,0.0,0.0,222590.0,-117590.0,117590.0,2.115,-1.115,1.115,225190.0,-120190.0,120190.0,2.25,-1.25,1.25,256990.0,-151990.0,151990.0,1.106,-0.106,0.106,222590.0,-117590.0,117590.0
39,bathrooms,1.0,289000.0,2.115,-1.115,1.115,338700.0,-49700.0,49700.0,2.25,-1.25,1.25,334400.0,-45400.0,45400.0,1.0,0.0,0.0,297940.0,-8940.0,8940.0,2.115,-1.115,1.115,338700.0,-49700.0,49700.0,2.25,-1.25,1.25,334400.0,-45400.0,45400.0,1.0,0.0,0.0,297940.0,-8940.0,8940.0
49,bathrooms,2.5,299950.0,2.115,0.385,0.385,277690.0,22260.0,22260.0,2.25,0.25,0.25,289690.0,10260.0,10260.0,2.5,0.0,0.0,288890.0,11060.0,11060.0,2.115,0.385,0.385,277690.0,22260.0,22260.0,2.25,0.25,0.25,289690.0,10260.0,10260.0,2.5,0.0,0.0,288890.0,11060.0,11060.0
60,bathrooms,2.5,449950.0,2.115,0.385,0.385,489890.0,-39940.0,39940.0,2.25,0.25,0.25,489890.0,-39940.0,39940.0,2.5,0.0,0.0,486090.0,-36140.0,36140.0,2.115,0.385,0.385,489890.0,-39940.0,39940.0,2.25,0.25,0.25,489890.0,-39940.0,39940.0,2.5,-0.0,0.0,486090.0,-36140.0,36140.0
69,bathrooms,2.5,515000.0,2.115,0.385,0.385,523650.0,-8650.0,8650.0,2.25,0.25,0.25,558650.0,-43650.0,43650.0,2.5,0.0,0.0,558650.0,-43650.0,43650.0,2.115,0.385,0.385,523650.0,-8650.0,8650.0,2.25,0.25,0.25,558650.0,-43650.0,43650.0,2.5,0.0,0.0,558650.0,-43650.0,43650.0
74,bathrooms,3.25,424950.0,2.115,1.135,1.135,365300.0,59650.0,59650.0,2.25,1.0,1.0,365300.0,59650.0,59650.0,3.25,0.0,0.0,424090.0,860.0,860.0,2.115,1.135,1.135,365300.0,59650.0,59650.0,2.25,1.0,1.0,365300.0,59650.0,59650.0,3.25,0.0,0.0,424090.0,860.0,860.0
77,bathrooms,2.5,400000.0,2.115,0.385,0.385,400900.0,-900.0,900.0,2.25,0.25,0.25,400900.0,-900.0,900.0,2.5,0.0,0.0,412600.0,-12600.0,12600.0,2.115,0.385,0.385,400900.0,-900.0,900.0,2.25,0.25,0.25,400900.0,-900.0,900.0,2.5,0.0,0.0,412600.0,-12600.0,12600.0
79,bathrooms,2.25,265000.0,2.115,0.135,0.135,258806.0,6194.0,6194.0,2.25,0.0,0.0,258906.0,6094.0,6094.0,2.25,0.0,0.0,258906.0,6094.0,6094.0,2.115,0.135,0.135,258806.0,6194.0,6194.0,2.25,0.0,0.0,258906.0,6094.0,6094.0,2.25,0.0,0.0,258906.0,6094.0,6094.0
80,bathrooms,2.5,781000.0,2.115,0.385,0.385,683436.0,97564.0,97564.0,2.25,0.25,0.25,683436.0,97564.0,97564.0,2.5,0.0,0.0,726500.0,54500.0,54500.0,2.115,0.385,0.385,683436.0,97564.0,97564.0,2.25,0.25,0.25,683436.0,97564.0,97564.0,2.5,0.0,0.0,726500.0,54500.0,54500.0
7,bedrooms,4.0,466750.0,3.371,0.629,0.629,618050.0,-151300.0,151300.0,3.0,1.0,1.0,617300.0,-150550.0,150550.0,4.0,0.0,0.0,445350.0,21400.0,21400.0,3.371,0.629,0.629,618050.0,-151300.0,151300.0,3.0,1.0,1.0,617300.0,-150550.0,150550.0,4.0,0.0,0.0,445350.0,21400.0,21400.0
8,bedrooms,3.0,1565000.0,3.371,-0.371,0.371,1074550.0,490450.0,490450.0,3.0,0.0,0.0,990500.0,574500.0,574500.0,3.0,0.0,0.0,990500.0,574500.0,574500.0,3.371,-0.371,0.371,1074550.0,490450.0,490450.0,3.0,0.0,0.0,990500.0,574500.0,574500.0,3.0,0.0,0.0,990500.0,574500.0,574500.0
18,bedrooms,3.0,592000.0,3.371,-0.371,0.371,619880.0,-27880.0,27880.0,3.0,0.0,0.0,619880.0,-27880.0,27880.0,3.0,0.0,0.0,619880.0,-27880.0,27880.0,3.371,-0.371,0.371,619880.0,-27880.0,27880.0,3.0,0.0,0.0,619880.0,-27880.0,27880.0,3.0,0.0,0.0,619880.0,-27880.0,27880.0
38,bedrooms,3.0,105000.0,3.371,-0.371,0.371,222590.0,-117590.0,117590.0,3.0,0.0,0.0,222590.0,-117590.0,117590.0,2.2,0.8,0.8,196048.0,-91048.0,91048.0,3.371,-0.371,0.371,222590.0,-117590.0,117590.0,3.0,0.0,0.0,222590.0,-117590.0,117590.0,2.85,0.15,0.15,214570.0,-109570.0,109570.0
39,bedrooms,3.0,289000.0,3.371,-0.371,0.371,297940.0,-8940.0,8940.0,3.0,0.0,0.0,297940.0,-8940.0,8940.0,3.0,0.0,0.0,297940.0,-8940.0,8940.0,3.371,-0.371,0.371,297940.0,-8940.0,8940.0,3.0,0.0,0.0,297940.0,-8940.0,8940.0,3.0,0.0,0.0,297940.0,-8940.0,8940.0
50,bedrooms,5.0,2000000.0,3.371,1.629,1.629,950908.0,1049092.0,1049092.0,3.0,2.0,2.0,937418.0,1062582.0,1062582.0,5.0,0.0,0.0,1241796.0,758204.0,758204.0,3.371,1.629,1.629,950908.0,1049092.0,1049092.0,3.0,2.0,2.0,937418.0,1062582.0,1062582.0,5.0,0.0,0.0,1241796.0,758204.0,758204.0
57,bedrooms,3.0,413000.0,3.371,-0.371,0.371,427900.0,-14900.0,14900.0,3.0,0.0,0.0,427900.0,-14900.0,14900.0,3.0,0.0,0.0,427900.0,-14900.0,14900.0,3.371,-0.371,0.371,427900.0,-14900.0,14900.0,3.0,0.0,0.0,427900.0,-14900.0,14900.0,3.0,0.0,0.0,427900.0,-14900.0,14900.0
64,bedrooms,3.0,270000.0,3.371,-0.371,0.371,321999.0,-51999.0,51999.0,3.0,0.0,0.0,321999.0,-51999.0,51999.0,3.0,0.0,0.0,321999.0,-51999.0,51999.0,3.371,-0.371,0.371,321999.0,-51999.0,51999.0,3.0,0.0,0.0,321999.0,-51999.0,51999.0,3.0,0.0,0.0,321999.0,-51999.0,51999.0
67,bedrooms,4.0,430000.0,3.371,0.629,0.629,399900.0,30100.0,30100.0,3.0,1.0,1.0,392890.0,37110.0,37110.0,4.0,0.0,0.0,499000.0,-69000.0,69000.0,3.371,0.629,0.629,399900.0,30100.0,30100.0,3.0,1.0,1.0,392890.0,37110.0,37110.0,4.0,-0.0,0.0,499000.0,-69000.0,69000.0
71,bedrooms,4.0,774000.0,3.371,0.629,0.629,771600.0,2400.0,2400.0,3.0,1.0,1.0,771600.0,2400.0,2400.0,4.0,0.0,0.0,711190.0,62810.0,62810.0,3.371,0.629,0.629,771600.0,2400.0,2400.0,3.0,1.0,1.0,771600.0,2400.0,2400.0,4.0,0.0,0.0,711190.0,62810.0,62810.0
72,bedrooms,3.0,300000.0,3.371,-0.371,0.371,259930.0,40070.0,40070.0,3.0,0.0,0.0,259930.0,40070.0,40070.0,3.2,-0.2,0.2,259930.0,40070.0,40070.0,3.371,-0.371,0.371,259930.0,40070.0,40070.0,3.0,0.0,0.0,259930.0,40070.0,40070.0,3.438,-0.438,0.438,259930.0,40070.0,40070.0
75,bedrooms,4.0,530000.0,3.371,0.629,0.629,522800.0,7200.0,7200.0,3.0,1.0,1.0,522800.0,7200.0,7200.0,4.0,0.0,0.0,522800.0,7200.0,7200.0,3.371,0.629,0.629,522800.0,7200.0,7200.0,3.0,1.0,1.0,522800.0,7200.0,7200.0,4.0,0.0,0.0,522800.0,7200.0,7200.0
78,bedrooms,3.0,725000.0,3.371,-0.371,0.371,830000.0,-105000.0,105000.0,3.0,0.0,0.0,830000.0,-105000.0,105000.0,3.0,0.0,0.0,830000.0,-105000.0,105000.0,3.371,-0.371,0.371,830000.0,-105000.0,105000.0,3.0,0.0,0.0,830000.0,-105000.0,105000.0,3.0,-0.0,0.0,830000.0,-105000.0,105000.0
91,bedrooms,3.0,590000.0,3.371,-0.371,0.371,644200.0,-54200.0,54200.0,3.0,0.0,0.0,644200.0,-54200.0,54200.0,3.0,0.0,0.0,644200.0,-54200.0,54200.0,3.371,-0.371,0.371,644200.0,-54200.0,54200.0,3.0,0.0,0.0,644200.0,-54200.0,54200.0,3.0,-0.0,0.0,644200.0,-54200.0,54200.0
94,bedrooms,4.0,925000.0,3.371,0.629,0.629,824690.0,100310.0,100310.0,3.0,1.0,1.0,834700.0,90300.0,90300.0,4.0,0.0,0.0,831690.0,93310.0,93310.0,3.371,0.629,0.629,824690.0,100310.0,100310.0,3.0,1.0,1.0,834700.0,90300.0,90300.0,4.0,-0.0,0.0,831690.0,93310.0,93310.0
3,floors,2.0,549000.0,1.494,0.506,0.506,638890.0,-89890.0,89890.0,1.5,0.5,0.5,661100.0,-112100.0,112100.0,2.0,0.0,0.0,679700.0,-130700.0,130700.0,1.494,0.506,0.506,638890.0,-89890.0,89890.0,1.5,0.5,0.5,661100.0,-112100.0,112100.0,2.0,0.0,0.0,679700.0,-130700.0,130700.0
7,floors,2.0,466750.0,1.494,0.506,0.506,414350.0,52400.0,52400.0,1.5,0.5,0.5,414350.0,52400.0,52400.0,2.0,0.0,0.0,445350.0,21400.0,21400.0,1.494,0.506,0.506,414350.0,52400.0,52400.0,1.5,0.5,0.5,414350.0,52400.0,52400.0,2.0,0.0,0.0,445350.0,21400.0,21400.0
10,floors,2.0,417000.0,1.494,0.506,0.506,372400.0,44600.0,44600.0,1.5,0.5,0.5,372400.0,44600.0,44600.0,2.0,0.0,0.0,422700.0,-5700.0,5700.0,1.494,0.506,0.506,372400.0,44600.0,44600.0,1.5,0.5,0.5,372400.0,44600.0,44600.0,2.0,0.0,0.0,422700.0,-5700.0,5700.0
12,floors,2.0,475000.0,1.494,0.506,0.506,499400.0,-24400.0,24400.0,1.5,0.5,0.5,499400.0,-24400.0,24400.0,2.0,0.0,0.0,499400.0,-24400.0,24400.0,1.494,0.506,0.506,499400.0,-24400.0,24400.0,1.5,0.5,0.5,499400.0,-24400.0,24400.0,2.0,0.0,0.0,499400.0,-24400.0,24400.0
21,floors,2.0,785000.0,1.494,0.506,0.506,669300.0,115700.0,115700.0,1.5,0.5,0.5,669300.0,115700.0,115700.0,2.0,0.0,0.0,669300.0,115700.0,115700.0,1.494,0.506,0.506,669300.0,115700.0,115700.0,1.5,0.5,0.5,669300.0,115700.0,115700.0,2.0,0.0,0.0,669300.0,115700.0,115700.0
39,floors,1.0,289000.0,1.494,-0.494,0.494,297940.0,-8940.0,8940.0,1.5,-0.5,0.5,297940.0,-8940.0,8940.0,1.0,0.0,0.0,297940.0,-8940.0,8940.0,1.494,-0.494,0.494,297940.0,-8940.0,8940.0,1.5,-0.5,0.5,297940.0,-8940.0,8940.0,1.0,0.0,0.0,297940.0,-8940.0,8940.0
43,floors,1.0,320000.0,1.494,-0.494,0.494,307300.0,12700.0,12700.0,1.5,-0.5,0.5,307300.0,12700.0,12700.0,1.0,0.0,0.0,307300.0,12700.0,12700.0,1.494,-0.494,0.494,307300.0,12700.0,12700.0,1.5,-0.5,0.5,307300.0,12700.0,12700.0,1.0,0.0,0.0,307300.0,12700.0,12700.0
53,floors,1.0,289950.0,1.494,-0.494,0.494,271580.0,18370.0,18370.0,1.5,-0.5,0.5,271580.0,18370.0,18370.0,1.0,0.0,0.0,252980.0,36970.0,36970.0,1.494,-0.494,0.494,271580.0,18370.0,18370.0,1.5,-0.5,0.5,271580.0,18370.0,18370.0,1.0,-0.0,0.0,252980.0,36970.0,36970.0
56,floors,2.0,641000.0,1.494,0.506,0.506,602670.0,38330.0,38330.0,1.5,0.5,0.5,602670.0,38330.0,38330.0,2.0,0.0,0.0,602670.0,38330.0,38330.0,1.494,0.506,0.506,602670.0,38330.0,38330.0,1.5,0.5,0.5,602670.0,38330.0,38330.0,2.0,0.0,0.0,602670.0,38330.0,38330.0
60,floors,2.0,449950.0,1.494,0.506,0.506,486090.0,-36140.0,36140.0,1.5,0.5,0.5,486090.0,-36140.0,36140.0,2.0,0.0,0.0,486090.0,-36140.0,36140.0,1.494,0.506,0.506,486090.0,-36140.0,36140.0,1.5,0.5,0.5,486090.0,-36140.0,36140.0,2.0,0.0,0.0,486090.0,-36140.0,36140.0
62,floors,2.0,915000.0,1.494,0.506,0.506,886700.0,28300.0,28300.0,1.5,0.5,0.5,886700.0,28300.0,28300.0,2.0,0.0,0.0,886700.0,28300.0,28300.0,1.494,0.506,0.506,886700.0,28300.0,28300.0,1.5,0.5,0.5,886700.0,28300.0,28300.0,2.0,0.0,0.0,886700.0,28300.0,28300.0
74,floors,2.0,424950.0,1.494,0.506,0.506,424090.0,860.0,860.0,1.5,0.5,0.5,424090.0,860.0,860.0,2.0,0.0,0.0,424090.0,860.0,860.0,1.494,0.506,0.506,424090.0,860.0,860.0,1.5,0.5,0.5,424090.0,860.0,860.0,2.0,0.0,0.0,424090.0,860.0,860.0
80,floors,2.0,781000.0,1.494,0.506,0.506,726500.0,54500.0,54500.0,1.5,0.5,0.5,726500.0,54500.0,54500.0,2.0,0.0,0.0,726500.0,54500.0,54500.0,1.494,0.506,0.506,726500.0,54500.0,54500.0,1.5,0.5,0.5,726500.0,54500.0,54500.0,2.0,0.0,0.0,726500.0,54500.0,54500.0
91,floors,1.5,590000.0,1.494,0.006,0.006,644200.0,-54200.0,54200.0,1.5,0.0,0.0,644200.0,-54200.0,54200.0,1.5,0.0,0.0,644200.0,-54200.0,54200.0,1.494,0.006,0.006,644200.0,-54200.0,54200.0,1.5,0.0,0.0,644200.0,-54200.0,54200.0,1.5,0.0,0.0,644200.0,-54200.0,54200.0
99,floors,2.0,537500.0,1.494,0.506,0.506,573300.0,-35800.0,35800.0,1.5,0.5,0.5,573300.0,-35800.0,35800.0,2.0,0.0,0.0,573300.0,-35800.0,35800.0,1.494,0.506,0.506,573300.0,-35800.0,35800.0,1.5,0.5,0.5,573300.0,-35800.0,35800.0,2.0,0.0,0.0,573300.0,-35800.0,35800.0
3,sqft_above,1710.0,549000.0,1788.391,-78.391,78.391,679700.0,-130700.0,130700.0,1560.0,150.0,150.0,679700.0,-130700.0,130700.0,1710.0,0.0,0.0,679700.0,-130700.0,130700.0,1788.391,-78.391,78.391,679700.0,-130700.0,130700.0,1560.0,150.0,150.0,679700.0,-130700.0,130700.0,1710.0,-0.0,0.0,679700.0,-130700.0,130700.0
5,sqft_above,2630.0,619990.0,1788.391,841.609,841.609,513600.0,106390.0,106390.0,1560.0,1070.0,1070.0,490700.0,129290.0,129290.0,2630.0,0.0,0.0,553798.0,66192.0,66192.0,1788.391,841.609,841.609,513600.0,106390.0,106390.0,1560.0,1070.0,1070.0,490700.0,129290.0,129290.0,2630.0,0.0,0.0,553798.0,66192.0,66192.0
12,sqft_above,2680.0,475000.0,1788.391,891.609,891.609,498970.0,-23970.0,23970.0,1560.0,1120.0,1120.0,498970.0,-23970.0,23970.0,2680.0,0.0,0.0,499400.0,-24400.0,24400.0,1788.391,891.609,891.609,498970.0,-23970.0,23970.0,1560.0,1120.0,1120.0,498970.0,-23970.0,23970.0,2680.0,0.0,0.0,499400.0,-24400.0,24400.0
20,sqft_above,1400.0,500000.0,1788.391,-388.391,388.391,520800.0,-20800.0,20800.0,1560.0,-160.0,160.0,520800.0,-20800.0,20800.0,1400.0,0.0,0.0,520800.0,-20800.0,20800.0,1788.391,-388.391,388.391,520800.0,-20800.0,20800.0,1560.0,-160.0,160.0,520800.0,-20800.0,20800.0,1400.0,0.0,0.0,520800.0,-20800.0,20800.0
25,sqft_above,1290.0,327000.0,1788.391,-498.391,498.391,323090.0,3910.0,3910.0,1560.0,-270.0,270.0,323090.0,3910.0,3910.0,1290.0,0.0,0.0,313590.0,13410.0,13410.0,1788.391,-498.391,498.391,323090.0,3910.0,3910.0,1560.0,-270.0,270.0,323090.0,3910.0,3910.0,1290.0,0.0,0.0,313590.0,13410.0,13410.0
27,sqft_above,1000.0,215000.0,1788.391,-788.391,788.391,294710.0,-79710.0,79710.0,1560.0,-560.0,560.0,299720.0,-84720.0,84720.0,1000.0,0.0,0.0,285730.0,-70730.0,70730.0,1788.391,-788.391,788.391,294710.0,-79710.0,79710.0,1560.0,-560.0,560.0,299720.0,-84720.0,84720.0,1000.0,-0.0,0.0,285730.0,-70730.0,70730.0
41,sqft_above,3100.0,795000.0,1788.391,1311.609,1311.609,727867.0,67133.0,67133.0,1560.0,1540.0,1540.0,671770.0,123230.0,123230.0,3100.0,0.0,0.0,796988.0,-1988.0,1988.0,1788.391,1311.609,1311.609,727867.0,67133.0,67133.0,1560.0,1540.0,1540.0,671770.0,123230.0,123230.0,3100.0,0.0,0.0,796988.0,-1988.0,1988.0
49,sqft_above,1740.0,299950.0,1788.391,-48.391,48.391,282490.0,17460.0,17460.0,1560.0,180.0,180.0,292490.0,7460.0,7460.0,1740.0,0.0,0.0,288890.0,11060.0,11060.0,1788.391,-48.391,48.391,282490.0,17460.0,17460.0,1560.0,180.0,180.0,292490.0,7460.0,7460.0,1740.0,0.0,0.0,288890.0,11060.0,11060.0
54,sqft_above,1560.0,449950.0,1788.391,-228.391,228.391,572170.0,-122220.0,122220.0,1560.0,0.0,0.0,569370.0,-119420.0,119420.0,1560.0,0.0,0.0,569370.0,-119420.0,119420.0,1788.391,-228.391,228.391,572170.0,-122220.0,122220.0,1560.0,0.0,0.0,569370.0,-119420.0,119420.0,1560.0,-0.0,0.0,569370.0,-119420.0,119420.0
63,sqft_above,1430.0,427500.0,1788.391,-358.391,358.391,452790.0,-25290.0,25290.0,1560.0,-130.0,130.0,421650.0,5850.0,5850.0,1398.0,32.0,32.0,421650.0,5850.0,5850.0,1788.391,-358.391,358.391,452790.0,-25290.0,25290.0,1560.0,-130.0,130.0,421650.0,5850.0,5850.0,1411.843,18.157,18.157,421650.0,5850.0,5850.0
73,sqft_above,2160.0,770000.0,1788.391,371.609,371.609,613600.0,156400.0,156400.0,1560.0,600.0,600.0,613600.0,156400.0,156400.0,2160.0,0.0,0.0,614000.0,156000.0,156000.0,1788.391,371.609,371.609,613600.0,156400.0,156400.0,1560.0,600.0,600.0,613600.0,156400.0,156400.0,2160.0,0.0,0.0,614000.0,156000.0,156000.0
77,sqft_above,1150.0,400000.0,1788.391,-638.391,638.391,400600.0,-600.0,600.0,1560.0,-410.0,410.0,400600.0,-600.0,600.0,1150.0,0.0,0.0,412600.0,-12600.0,12600.0,1788.391,-638.391,638.391,400600.0,-600.0,600.0,1560.0,-410.0,410.0,400600.0,-600.0,600.0,1149.983,0.017,0.017,412600.0,-12600.0,12600.0
78,sqft_above,1690.0,725000.0,1788.391,-98.391,98.391,830000.0,-105000.0,105000.0,1560.0,130.0,130.0,782200.0,-57200.0,57200.0,1690.0,0.0,0.0,830000.0,-105000.0,105000.0,1788.391,-98.391,98.391,830000.0,-105000.0,105000.0,1560.0,130.0,130.0,782200.0,-57200.0,57200.0,1690.0,-0.0,0.0,830000.0,-105000.0,105000.0
85,sqft_above,3280.0,900000.0,1788.391,1491.609,1491.609,643731.0,256269.0,256269.0,1560.0,1720.0,1720.0,643731.0,256269.0,256269.0,3280.0,0.0,0.0,795932.0,104068.0,104068.0,1788.391,1491.609,1491.609,643731.0,256269.0,256269.0,1560.0,1720.0,1720.0,643731.0,256269.0,256269.0,3279.999,0.001,0.001,795932.0,104068.0,104068.0
88,sqft_above,2440.0,769000.0,1788.391,651.609,651.609,344020.0,424980.0,424980.0,1560.0,880.0,880.0,290520.0,478480.0,478480.0,2440.0,0.0,0.0,540614.0,228386.0,228386.0,1788.391,651.609,651.609,344020.0,424980.0,424980.0,1560.0,880.0,880.0,290520.0,478480.0,478480.0,2440.153,-0.153,0.153,540614.0,228386.0,228386.0
14,sqft_basement,0.0,760000.0,291.509,-291.509,291.509,784700.0,-24700.0,24700.0,0.0,0.0,0.0,790700.0,-30700.0,30700.0,0.0,0.0,0.0,790700.0,-30700.0,30700.0,291.509,-291.509,291.509,784700.0,-24700.0,24700.0,0.0,0.0,0.0,790700.0,-30700.0,30700.0,-0.0,0.0,0.0,790700.0,-30700.0,30700.0
16,sqft_basement,0.0,442250.0,291.509,-291.509,291.509,426950.0,15300.0,15300.0,0.0,0.0,0.0,426950.0,15300.0,15300.0,0.0,0.0,0.0,426950.0,15300.0,15300.0,291.509,-291.509,291.509,426950.0,15300.0,15300.0,0.0,0.0,0.0,426950.0,15300.0,15300.0,0.0,0.0,0.0,426950.0,15300.0,15300.0
23,sqft_basement,960.0,368000.0,291.509,668.491,668.491,405600.0,-37600.0,37600.0,0.0,960.0,960.0,428400.0,-60400.0,60400.0,960.0,0.0,0.0,411100.0,-43100.0,43100.0,291.509,668.491,668.491,405600.0,-37600.0,37600.0,0.0,960.0,960.0,428400.0,-60400.0,60400.0,960.0,0.0,0.0,411100.0,-43100.0,43100.0
37,sqft_basement,0.0,680000.0,291.509,-291.509,291.509,616500.0,63500.0,63500.0,0.0,0.0,0.0,612000.0,68000.0,68000.0,0.0,0.0,0.0,612000.0,68000.0,68000.0,291.509,-291.509,291.509,616500.0,63500.0,63500.0,0.0,0.0,0.0,612000.0,68000.0,68000.0,0.0,0.0,0.0,612000.0,68000.0,68000.0
40,sqft_basement,0.0,209900.0,291.509,-291.509,291.509,213800.0,-3900.0,3900.0,0.0,0.0,0.0,213800.0,-3900.0,3900.0,0.0,0.0,0.0,213800.0,-3900.0,3900.0,291.509,-291.509,291.509,213800.0,-3900.0,3900.0,0.0,0.0,0.0,213800.0,-3900.0,3900.0,-0.0,0.0,0.0,213800.0,-3900.0,3900.0
43,sqft_basement,670.0,320000.0,291.509,378.491,378.491,302190.0,17810.0,17810.0,0.0,670.0,670.0,289290.0,30710.0,30710.0,670.0,0.0,0.0,307300.0,12700.0,12700.0,291.509,378.491,378.491,302190.0,17810.0,17810.0,0.0,670.0,670.0,289290.0,30710.0,30710.0,670.0,0.0,0.0,307300.0,12700.0,12700.0
45,sqft_basement,220.0,245000.0,291.509,-71.509,71.509,263660.0,-18660.0,18660.0,0.0,220.0,220.0,263660.0,-18660.0,18660.0,220.0,0.0,0.0,263660.0,-18660.0,18660.0,291.509,-71.509,71.509,263660.0,-18660.0,18660.0,0.0,220.0,220.0,263660.0,-18660.0,18660.0,219.994,0.006,0.006,263660.0,-18660.0,18660.0
46,sqft_basement,0.0,275000.0,291.509,-291.509,291.509,297560.0,-22560.0,22560.0,0.0,0.0,0.0,297560.0,-22560.0,22560.0,0.0,0.0,0.0,297560.0,-22560.0,22560.0,291.509,-291.509,291.509,297560.0,-22560.0,22560.0,0.0,0.0,0.0,297560.0,-22560.0,22560.0,0.0,0.0,0.0,297560.0,-22560.0,22560.0
47,sqft_basement,0.0,835000.0,291.509,-291.509,291.509,658200.0,176800.0,176800.0,0.0,0.0,0.0,658200.0,176800.0,176800.0,0.0,0.0,0.0,658200.0,176800.0,176800.0,291.509,-291.509,291.509,658200.0,176800.0,176800.0,0.0,0.0,0.0,658200.0,176800.0,176800.0,0.0,0.0,0.0,658200.0,176800.0,176800.0
59,sqft_basement,620.0,865000.0,291.509,328.491,328.491,906000.0,-41000.0,41000.0,0.0,620.0,620.0,966100.0,-101100.0,101100.0,620.0,0.0,0.0,890000.0,-25000.0,25000.0,291.509,328.491,328.491,906000.0,-41000.0,41000.0,0.0,620.0,620.0,966100.0,-101100.0,101100.0,620.0,0.0,0.0,890000.0,-25000.0,25000.0
63,sqft_basement,0.0,427500.0,291.509,-291.509,291.509,423766.0,3734.0,3734.0,0.0,0.0,0.0,421650.0,5850.0,5850.0,214.0,-214.0,214.0,421650.0,5850.0,5850.0,291.509,-291.509,291.509,423766.0,3734.0,3734.0,0.0,0.0,0.0,421650.0,5850.0,5850.0,192.138,-192.138,192.138,421650.0,5850.0,5850.0
66,sqft_basement,0.0,484950.0,291.509,-291.509,291.509,486980.0,-2030.0,2030.0,0.0,0.0,0.0,486980.0,-2030.0,2030.0,0.0,0.0,0.0,486980.0,-2030.0,2030.0,291.509,-291.509,291.509,486980.0,-2030.0,2030.0,0.0,0.0,0.0,486980.0,-2030.0,2030.0,0.0,0.0,0.0,486980.0,-2030.0,2030.0
81,sqft_basement,900.0,719000.0,291.509,608.491,608.491,610300.0,108700.0,108700.0,0.0,900.0,900.0,661258.0,57742.0,57742.0,900.0,0.0,0.0,565600.0,153400.0,153400.0,291.509,608.491,608.491,610300.0,108700.0,108700.0,0.0,900.0,900.0,661258.0,57742.0,57742.0,900.0,0.0,0.0,565600.0,153400.0,153400.0
86,sqft_basement,0.0,238000.0,291.509,-291.509,291.509,181500.0,56500.0,56500.0,0.0,0.0,0.0,184300.0,53700.0,53700.0,0.0,0.0,0.0,184300.0,53700.0,53700.0,291.509,-291.509,291.509,181500.0,56500.0,56500.0,0.0,0.0,0.0,184300.0,53700.0,53700.0,0.0,0.0,0.0,184300.0,53700.0,53700.0
92,sqft_basement,750.0,300000.0,291.509,458.491,458.491,260200.0,39800.0,39800.0,0.0,750.0,750.0,245200.0,54800.0,54800.0,750.0,0.0,0.0,272200.0,27800.0,27800.0,291.509,458.491,458.491,260200.0,39800.0,39800.0,0.0,750.0,750.0,245200.0,54800.0,54800.0,750.0,-0.0,0.0,272200.0,27800.0,27800.0
7,sqft_living,1730.0,466750.0,2079.9,-349.9,349.9,481550.0,-14800.0,14800.0,1910.0,-180.0,180.0,481550.0,-14800.0,14800.0,1730.0,0.0,0.0,445350.0,21400.0,21400.0,2079.9,-349.9,349.9,481550.0,-14800.0,14800.0,1910.0,-180.0,180.0,481550.0,-14800.0,14800.0,1730.0,0.0,0.0,445350.0,21400.0,21400.0
18,sqft_living,1560.0,592000.0,2079.9,-519.9,519.9,649880.0,-57880.0,57880.0,1910.0,-350.0,350.0,649880.0,-57880.0,57880.0,1560.0,0.0,0.0,619880.0,-27880.0,27880.0,2079.9,-519.9,519.9,649880.0,-57880.0,57880.0,1910.0,-350.0,350.0,649880.0,-57880.0,57880.0,1560.0,0.0,0.0,619880.0,-27880.0,27880.0
30,sqft_living,1150.0,287000.0,2079.9,-929.9,929.9,331800.0,-44800.0,44800.0,1910.0,-760.0,760.0,316400.0,-29400.0,29400.0,1150.0,0.0,0.0,285942.0,1058.0,1058.0,2079.9,-929.9,929.9,331800.0,-44800.0,44800.0,1910.0,-760.0,760.0,316400.0,-29400.0,29400.0,1150.0,0.0,0.0,285942.0,1058.0,1058.0
32,sqft_living,3490.0,1225000.0,2079.9,1410.1,1410.1,1052100.0,172900.0,172900.0,1910.0,1580.0,1580.0,1052100.0,172900.0,172900.0,3490.0,0.0,0.0,975500.0,249500.0,249500.0,2079.9,1410.1,1410.1,1052100.0,172900.0,172900.0,1910.0,1580.0,1580.0,1052100.0,172900.0,172900.0,3490.0,-0.0,0.0,975500.0,249500.0,249500.0
35,sqft_living,2110.0,324950.0,2079.9,30.1,30.1,289300.0,35650.0,35650.0,1910.0,200.0,200.0,302560.0,22390.0,22390.0,2110.0,0.0,0.0,297900.0,27050.0,27050.0,2079.9,30.1,30.1,289300.0,35650.0,35650.0,1910.0,200.0,200.0,302560.0,22390.0,22390.0,2110.0,0.0,0.0,297900.0,27050.0,27050.0
37,sqft_living,2330.0,680000.0,2079.9,250.1,250.1,627800.0,52200.0,52200.0,1910.0,420.0,420.0,616600.0,63400.0,63400.0,2330.0,0.0,0.0,612000.0,68000.0,68000.0,2079.9,250.1,250.1,627800.0,52200.0,52200.0,1910.0,420.0,420.0,616600.0,63400.0,63400.0,2330.0,0.0,0.0,612000.0,68000.0,68000.0
45,sqft_living,1200.0,245000.0,2079.9,-879.9,879.9,406980.0,-161980.0,161980.0,1910.0,-710.0,710.0,406980.0,-161980.0,161980.0,1200.0,0.0,0.0,263660.0,-18660.0,18660.0,2079.9,-879.9,879.9,406980.0,-161980.0,161980.0,1910.0,-710.0,710.0,406980.0,-161980.0,161980.0,1199.994,0.006,0.006,263660.0,-18660.0,18660.0
46,sqft_living,2150.0,275000.0,2079.9,70.1,70.1,287980.0,-12980.0,12980.0,1910.0,240.0,240.0,277380.0,-2380.0,2380.0,2150.0,0.0,0.0,297560.0,-22560.0,22560.0,2079.9,70.1,70.1,287980.0,-12980.0,12980.0,1910.0,240.0,240.0,277380.0,-2380.0,2380.0,2150.0,-0.0,0.0,297560.0,-22560.0,22560.0
59,sqft_living,2750.0,865000.0,2079.9,670.1,670.1,874000.0,-9000.0,9000.0,1910.0,840.0,840.0,874000.0,-9000.0,9000.0,2750.0,0.0,0.0,890000.0,-25000.0,25000.0,2079.9,670.1,670.1,874000.0,-9000.0,9000.0,1910.0,840.0,840.0,874000.0,-9000.0,9000.0,2750.0,0.0,0.0,890000.0,-25000.0,25000.0
63,sqft_living,1430.0,427500.0,2079.9,-649.9,649.9,452790.0,-25290.0,25290.0,1910.0,-480.0,480.0,452790.0,-25290.0,25290.0,1612.0,-182.0,182.0,421650.0,5850.0,5850.0,2079.9,-649.9,649.9,452790.0,-25290.0,25290.0,1910.0,-480.0,480.0,452790.0,-25290.0,25290.0,1603.981,-173.981,173.981,421650.0,5850.0,5850.0
66,sqft_living,1670.0,484950.0,2079.9,-409.9,409.9,485990.0,-1040.0,1040.0,1910.0,-240.0,240.0,509190.0,-24240.0,24240.0,1670.0,0.0,0.0,486980.0,-2030.0,2030.0,2079.9,-409.9,409.9,485990.0,-1040.0,1040.0,1910.0,-240.0,240.0,509190.0,-24240.0,24240.0,1670.0,0.0,0.0,486980.0,-2030.0,2030.0
77,sqft_living,1340.0,400000.0,2079.9,-739.9,739.9,400600.0,-600.0,600.0,1910.0,-570.0,570.0,400600.0,-600.0,600.0,1340.0,0.0,0.0,412600.0,-12600.0,12600.0,2079.9,-739.9,739.9,400600.0,-600.0,600.0,1910.0,-570.0,570.0,400600.0,-600.0,600.0,1339.983,0.017,0.017,412600.0,-12600.0,12600.0
81,sqft_living,1800.0,719000.0,2079.9,-279.9,279.9,671800.0,47200.0,47200.0,1910.0,-110.0,110.0,565600.0,153400.0,153400.0,1800.0,0.0,0.0,565600.0,153400.0,153400.0,2079.9,-279.9,279.9,671800.0,47200.0,47200.0,1910.0,-110.0,110.0,565600.0,153400.0,153400.0,1800.0,0.0,0.0,565600.0,153400.0,153400.0
85,sqft_living,4210.0,900000.0,2079.9,2130.1,2130.1,642131.0,257869.0,257869.0,1910.0,2300.0,2300.0,642131.0,257869.0,257869.0,4210.0,0.0,0.0,795932.0,104068.0,104068.0,2079.9,2130.1,2130.1,642131.0,257869.0,257869.0,1910.0,2300.0,2300.0,642131.0,257869.0,257869.0,4209.999,0.001,0.001,795932.0,104068.0,104068.0
88,sqft_living,2440.0,769000.0,2079.9,360.1,360.1,390860.0,378140.0,378140.0,1910.0,530.0,530.0,377390.0,391610.0,391610.0,2440.0,0.0,0.0,540614.0,228386.0,228386.0,2079.9,360.1,360.1,390860.0,378140.0,378140.0,1910.0,530.0,530.0,377390.0,391610.0,391610.0,2440.153,-0.153,0.153,540614.0,228386.0,228386.0
13,sqft_lot,15890.0,335000.0,15106.968,783.032,783.032,364490.0,-29490.0,29490.0,7618.0,8272.0,8272.0,298242.0,36758.0,36758.0,18136.5,-2246.5,2246.5,353970.0,-18970.0,18970.0,15106.968,783.032,783.032,364490.0,-29490.0,29490.0,7618.0,8272.0,8272.0,298242.0,36758.0,36758.0,20383.0,-4493.0,4493.0,310960.0,24040.0,24040.0
19,sqft_lot,43560.0,255000.0,15106.968,28453.032,28453.032,290780.0,-35780.0,35780.0,7618.0,35942.0,35942.0,254800.0,200.0,200.0,5980.4,37579.6,37579.6,254800.0,200.0,200.0,15106.968,28453.032,28453.032,290780.0,-35780.0,35780.0,7618.0,35942.0,35942.0,254800.0,200.0,200.0,6413.8,37146.2,37146.2,254800.0,200.0,200.0
22,sqft_lot,6828.0,458500.0,15106.968,-8278.968,8278.968,467580.0,-9080.0,9080.0,7618.0,-790.0,790.0,549036.0,-90536.0,90536.0,6828.0,0.0,0.0,549036.0,-90536.0,90536.0,15106.968,-8278.968,8278.968,467580.0,-9080.0,9080.0,7618.0,-790.0,790.0,549036.0,-90536.0,90536.0,6828.0,0.0,0.0,549036.0,-90536.0,90536.0
26,sqft_lot,9916.0,700000.0,15106.968,-5190.968,5190.968,789350.0,-89350.0,89350.0,7618.0,2298.0,2298.0,686600.0,13400.0,13400.0,7167.2,2748.8,2748.8,702600.0,-2600.0,2600.0,15106.968,-5190.968,5190.968,789350.0,-89350.0,89350.0,7618.0,2298.0,2298.0,686600.0,13400.0,13400.0,4656.0,5260.0,5260.0,696180.0,3820.0,3820.0
27,sqft_lot,1312.0,215000.0,15106.968,-13794.968,13794.968,280700.0,-65700.0,65700.0,7618.0,-6306.0,6306.0,410390.0,-195390.0,195390.0,1312.0,0.0,0.0,285730.0,-70730.0,70730.0,15106.968,-13794.968,13794.968,280700.0,-65700.0,65700.0,7618.0,-6306.0,6306.0,410390.0,-195390.0,195390.0,1311.999,0.001,0.001,285730.0,-70730.0,70730.0
35,sqft_lot,4178.0,324950.0,15106.968,-10928.968,10928.968,312040.0,12910.0,12910.0,7618.0,-3440.0,3440.0,311990.0,12960.0,12960.0,7119.6,-2941.6,2941.6,315990.0,8960.0,8960.0,15106.968,-10928.968,10928.968,312040.0,12910.0,12910.0,7618.0,-3440.0,3440.0,311990.0,12960.0,12960.0,6455.75,-2277.75,2277.75,326190.0,-1240.0,1240.0
38,sqft_lot,18109.0,105000.0,15106.968,3002.032,3002.032,207600.0,-102600.0,102600.0,7618.0,10491.0,10491.0,201280.0,-96280.0,96280.0,10147.8,7961.2,7961.2,207680.0,-102680.0,102680.0,15106.968,3002.032,3002.032,207600.0,-102600.0,102600.0,7618.0,10491.0,10491.0,201280.0,-96280.0,96280.0,8407.803,9701.197,9701.197,207580.0,-102580.0,102580.0
61,sqft_lot,5120.0,300000.0,15106.968,-9986.968,9986.968,222380.0,77620.0,77620.0,7618.0,-2498.0,2498.0,244600.0,55400.0,55400.0,4940.2,179.8,179.8,300402.0,-402.0,402.0,15106.968,-9986.968,9986.968,222380.0,77620.0,77620.0,7618.0,-2498.0,2498.0,244600.0,55400.0,55400.0,4890.934,229.066,229.066,269700.0,30300.0,30300.0
65,sqft_lot,7276.0,260000.0,15106.968,-7830.968,7830.968,420400.0,-160400.0,160400.0,7618.0,-342.0,342.0,390360.0,-130360.0,130360.0,7276.0,0.0,0.0,390360.0,-130360.0,130360.0,15106.968,-7830.968,7830.968,420400.0,-160400.0,160400.0,7618.0,-342.0,342.0,390360.0,-130360.0,130360.0,7276.0,0.0,0.0,390360.0,-130360.0,130360.0
66,sqft_lot,5004.0,484950.0,15106.968,-10102.968,10102.968,554400.0,-69450.0,69450.0,7618.0,-2614.0,2614.0,479790.0,5160.0,5160.0,6590.0,-1586.0,1586.0,483320.0,1630.0,1630.0,15106.968,-10102.968,10102.968,554400.0,-69450.0,69450.0,7618.0,-2614.0,2614.0,479790.0,5160.0,5160.0,6590.0,-1586.0,1586.0,483320.0,1630.0,1630.0
72,sqft_lot,16500.0,300000.0,15106.968,1393.032,1393.032,256340.0,43660.0,43660.0,7618.0,8882.0,8882.0,259170.0,40830.0,40830.0,10522.0,5978.0,5978.0,243800.0,56200.0,56200.0,15106.968,1393.032,1393.032,256340.0,43660.0,43660.0,7618.0,8882.0,8882.0,259170.0,40830.0,40830.0,11651.749,4848.251,4848.251,229640.0,70360.0,70360.0
73,sqft_lot,5000.0,770000.0,15106.968,-10106.968,10106.968,631000.0,139000.0,139000.0,7618.0,-2618.0,2618.0,614000.0,156000.0,156000.0,5000.0,0.0,0.0,614000.0,156000.0,156000.0,15106.968,-10106.968,10106.968,631000.0,139000.0,139000.0,7618.0,-2618.0,2618.0,614000.0,156000.0,156000.0,5000.004,-0.004,0.004,614000.0,156000.0,156000.0
76,sqft_lot,1194.0,460000.0,15106.968,-13912.968,13912.968,513955.0,-53955.0,53955.0,7618.0,-6424.0,6424.0,520300.0,-60300.0,60300.0,1205.0,-11.0,11.0,520300.0,-60300.0,60300.0,15106.968,-13912.968,13912.968,513955.0,-53955.0,53955.0,7618.0,-6424.0,6424.0,520300.0,-60300.0,60300.0,1205.0,-11.0,11.0,520300.0,-60300.0,60300.0
82,sqft_lot,6776.0,150000.0,15106.968,-8330.968,8330.968,333000.0,-183000.0,183000.0,7618.0,-842.0,842.0,233380.0,-83380.0,83380.0,6958.667,-182.667,182.667,220942.0,-70942.0,70942.0,15106.968,-8330.968,8330.968,333000.0,-183000.0,183000.0,7618.0,-842.0,842.0,233380.0,-83380.0,83380.0,6976.78,-200.78,200.78,220942.0,-70942.0,70942.0
83,sqft_lot,25990.0,571500.0,15106.968,10883.032,10883.032,325200.0,246300.0,246300.0,7618.0,18372.0,18372.0,307100.0,264400.0,264400.0,25990.0,0.0,0.0,404500.0,167000.0,167000.0,15106.968,10883.032,10883.032,325200.0,246300.0,246300.0,7618.0,18372.0,18372.0,307100.0,264400.0,264400.0,25989.985,0.015,0.015,404500.0,167000.0,167000.0
